id_mensaje, id_usuario,followers,mensaje
1,1,8996,"Morbi non quam nec dui luctus rutrum. Nulla tellus. In sagittis duiggna at nunc co
2,1,94946,"Nam congue, risus semper porta volutpat, quam pede lobortis ligulanAenean sit ame
3,2,3450,"Nullam orci pede, venenatis non, sodales sed, tincidunt eu, felis. , sociis natoquae mattis nibh ligula nec sem."
4,3,46580,"Curabitur convallis. Duis consequat dui nec nisi volutpat eleifendsid, luctus nec
5,3,51,"Cum sociis natoque penatibus et magnis dis parturient montes, nascetuctesque ultrice
6,4,3161,"Aliquam augue quam, sollicitudin vitae, consectetuer eget, rutrum atssa. Donec dap
7,5,8,"Vestibulum ac est lacinia nisi venenatis tristique. Fusce congue, diam erra eget, con
8,5,38,"In quis justo. Maecenas rhoncus aliquam lacus. Morbi quis tortor id nuorbi non lectutetuer adipiscing 
9,6,80,"In est risus, auctor sed, tristique in, tempus sit amet, sem. Fusce cnr. Duis mattisutrum, nulla."
10,7,94582,"Aenean lectus. Pellentesque eget nunc. Donec quis orci eget orci  e, vestibulum 
11,8,327,"Duis mattis egestas metus. Aenean fermentum. Donec ut mauris eget mequam erat volu
12,8,2947,"Proin risus. Praesent lectus. Vestibulum quam sapien, varius ut, b Nullam sit ame
13,9,1,"Nulla nisl. Nunc nisl. Duis bibendum, felis sed interdum venenatis, tnor convallis. 
14,10,46,"Duis aliquam convallis nunc. Proin at turpis a pede posuere nonummyp Suspendisse p
15,10,1552,"Nullam porttitor lacus at turpis. Donec posuere metus vitae ipsumapurus eu magna
16,11,25,"Lorem ipsum dolor sit amet, consectetuer adipiscing elit. Proin int oin eu mi. Nul
17,12,7428,"Nulla tempus. Vivamus in felis eu sapien cursus vestibulum. Proinion mi. Integer
18,12,334,"In eleifend quam a odio. In hac habitasse platea dictumst. Maecenai consequat lec
19,13,238,"Nullam orci pede, venenatis non, sodales sed, tincidunt eu, felis.tm sociis natoq
20,14,4,"Donec posuere metus vitae ipsum. Aliquam non mauris. Morbi non lectumsociis natoque
21,15,5066,"Mauris enim leo, rhoncus sed, vestibulum sit amet, cursus id, turi et tempus semcetur ridicul
22,15,1564,"Pellentesque eget nunc. Donec quis orci eget orci vehicula condimbget, vulputate
23,16,321,"Proin eu mi. Nulla ac enim. In tempor, turpis nec euismod sceleris i luctus rutru
24,17,0,"Praesent lectus. Vestibulum quam sapien, varius ut, blandit non, intc turpis elemen
25,17,25208,"In blandit ultrices enim. Lorem ipsum dolor sit amet, consectetut sapien cursus
26,18,029,"Nullam sit amet turpis elementum ligula vehicula consequat. Morbi ienti. Nullam p
27,1,299,"Morbi quis tortor id nulla ultrices aliquet. Maecenas leo odio, convna bibendum im
28,19,7,"Fusce congue, diam id ornare imperdiet, sapien urna pretium nisl, utc purus. Phaselis. Ut at dolor 
29,20,0,"Quisque id justo sit amet sapien dignissim vestibulum. Vestibulum an auris vulputatnulla eget eros 
30,1,8,"Donec dapibus. Duis at velit eu est congue elementum. In hac habitassisim vestibulumo, sollicitudin 
